,air-temp-1.8m-2m,dew2m,temp2m
air-temp-1.8m-2m,1.0,0.8497322317818249,0.9862036565324244
dew2m,0.8497322317818249,1.0,0.8738438232800698
temp2m,0.9862036565324244,0.8738438232800698,1.0
