,rain,rain-rate,crr,tcrw
rain,1.0,0.910484621653729,0.145427239050781,0.037248857112740306
rain-rate,0.910484621653729,1.0,0.15523953382501712,0.048886040396058705
crr,0.145427239050781,0.15523953382501712,1.0,0.20290221173044046
tcrw,0.037248857112740306,0.048886040396058705,0.20290221173044046,1.0
