,Air moisture.mean,d2m,t2m
Air moisture.mean,1.0,0.015500678207206542,-0.1974685098635617
d2m,0.015500678207206542,1.0,0.819263567625575
t2m,-0.1974685098635617,0.819263567625575,1.0
