,dew-pt,dew2m,temp2m,max2mt,min2mt,temp-out,hi-temp,low-temp
dew-pt,1.0,0.918925757696205,0.4253411276955838,0.4712277011255027,0.4661805325282417,0.35948783864528877,0.3627188753285394,0.3414567063651466
dew2m,0.918925757696205,1.0,0.3924443002095993,0.4376798835966542,0.42284396696796334,0.33580569697300017,0.33140334647593955,0.32524621850494884
temp2m,0.4253411276955838,0.3924443002095993,1.0,0.9813351677290378,0.9806069318554397,0.9282048154940358,0.9010547747699384,0.8886297751251798
max2mt,0.4712277011255027,0.4376798835966542,0.9813351677290378,1.0,0.9940761094139896,0.92944264374089,0.9120808871187985,0.8981836585577074
min2mt,0.4661805325282417,0.42284396696796334,0.9806069318554397,0.9940761094139896,1.0,0.9345887452869781,0.9167526141054193,0.9061472655542718
temp-out,0.35948783864528877,0.33580569697300017,0.9282048154940358,0.92944264374089,0.9345887452869781,1.0,0.9884679532885666,0.9831347959296053
hi-temp,0.3627188753285394,0.33140334647593955,0.9010547747699384,0.9120808871187985,0.9167526141054193,0.9884679532885666,1.0,0.9849588610944406
low-temp,0.3414567063651466,0.32524621850494884,0.8886297751251798,0.8981836585577074,0.9061472655542718,0.9831347959296053,0.9849588610944406,1.0
