,Rainfall.mean,tcrw
Rainfall.mean,1.0,0.36360487480315024
tcrw,0.36360487480315024,1.0
