,rain,tcrw
rain,1.0,0.305557188017046
tcrw,0.305557188017046,1.0
