,air-hum,dew2m,temp2m
air-hum,1.0,-0.018480661830869514,-0.4642875965576401
dew2m,-0.018480661830869514,1.0,0.8738438232800698
temp2m,-0.4642875965576401,0.8738438232800698,1.0
