,Wind speed.mean,Wind direction.mean,u10,v10
Wind speed.mean,1.0,-0.03898263110985259,0.30194636528162383,-0.29693330471542045
Wind direction.mean,-0.03898263110985259,1.0,-0.404673275738954,0.03962741444918786
u10,0.30194636528162383,-0.404673275738954,1.0,0.029998313245245475
v10,-0.29693330471542045,0.03962741444918786,0.029998313245245475,1.0
