,sp,out-hum,dew-pt,bar,dew2m,temp2m
sp,1.0,-0.10909112355397457,-0.5300780032075534,0.9895464407341101,-0.545576158940852,-0.1939486285042965
out-hum,-0.10909112355397457,1.0,0.22540351002025663,-0.17551476741279534,0.2262616069166703,-0.686930741369075
dew-pt,-0.5300780032075534,0.22540351002025663,1.0,-0.5221333360669022,0.918925757696205,0.4253411276955838
bar,0.9895464407341101,-0.17551476741279534,-0.5221333360669022,1.0,-0.5409362008999924,-0.11492706356336632
dew2m,-0.545576158940852,0.2262616069166703,0.918925757696205,-0.5409362008999924,1.0,0.3924443002095993
temp2m,-0.1939486285042965,-0.686930741369075,0.4253411276955838,-0.11492706356336632,0.3924443002095993,1.0
