,Air temperature.mean,t2m
Air temperature.mean,1.0,0.5132721582254139
t2m,0.5132721582254139,1.0
