,Rainfall.mean,tcrw
Rainfall.mean,1.0,0.3090002344043439
tcrw,0.3090002344043439,1.0
