,Wind speed.mean,Wind direction.mean,u10,v10
Wind speed.mean,1.0,-0.32705673729307105,0.2936768071195608,-0.4479441917300924
Wind direction.mean,-0.32705673729307105,1.0,-0.580788399064789,0.4108655748435188
u10,0.2936768071195608,-0.580788399064789,1.0,-0.17534250043928412
v10,-0.4479441917300924,0.4108655748435188,-0.17534250043928412,1.0
