,Air temperature.mean,t2m
Air temperature.mean,1.0,0.9634191307254705
t2m,0.9634191307254705,1.0
